,gender,first_name,last_name,weight,NHS_number,DOB,house_number,street,city,postcode,synchronous_tumour_indicator,pathology_investigation_type,lesion_size,number_of_lesions,outcome
0,Female,Maude,Jackson,50,256 3138 8154,12/17/1977,1.0,ANDREW TERRACE,ABERTILLERY,NP132JL,0.116681608,0,0.852171826,11,0
1,Female,Leanne,Potter,44,640 0311 3044,5/25/1969,15.0,BLINKBONNY ROAD,CURRIE,EH146AE,0.9166268590000001,1,0.7091757390000001,6,0
2,Male,Johnie,Carney,82,113 2535 9715,1/10/1954,1.0,ABINGER GARDENS,ISLEWORTH,TW7 6LG,0.312162899,1,1.5337132,11,1
3,Female,Susanne,Joseph,60,807 8602 0184,4/17/1959,1.0,BEVERLEY CLOSE,LONDON SW13,SW130EH,0.040120166,0,0.40013480100000004,16,0
4,Non-binary,Cora,Blackburn,53,657 6533 0112,8/24/1983,1.0,ABBEYFIELD HOUSE,COWES,PO318HA,0.143842912,0,0.116941244,24,0
5,Female,Naomi,Jacobs,43,163 8488 3187,3/18/1995,1.0,BALBIRNIE AVENUE,GLENROTHES,KY7 6BS,0.397704381,1,3012.0,12,0
6,Female,Amparo,Campos,47,038 1344 9065,1/10/1954,1.0,ABINGER GARDENS,ISLEWORTH,TW7 6LG,0.187651029,0,1868.0,4,0
7,Male,Leopoldo,Mcgee,60,176 5520 9538,5/28/1995,3.0,ADDISON ROAD,HOVE,BN3 1TN,0.9999998999999999,0,107.0,0,1
8,Female,Inez,Kane,43,176 9629 3952,9/13/1980,,BLACK WYCHEND,BROMYARD,HR7 4JG,0.9999998999999999,0,8934.0,12,0
9,Female,Rachael,Newman,42,411 9366 0803,10/9/1988,1.0,ABERGELDIE ROAD,LONDON SE12,SE128BH,0.076530054,0,0.050649783,9,0
10,Female,Wilma,Gray,46,709 7148 6510,9/2/1965,1.0,ABBERLEY DRIVE,DROITWICH,WR9 8NY,0.167035049,0,152.0,7,0
11,,,,55,652 3682 9395,8/13/1962,1.0,MORFA MAWR,LLANBEDR,LL452EQ,0.15853968599999999,0,0.455997097,11,0
12,Non-binary,Flossie,Mcpherson,47,529 3897 1125,5/25/1962,,BETCHWORTH LODGE,BETCHWORTH,RH3 7BW,0.277453758,1,0.26261887300000003,10,0
13,Non-binary,Lilia,Collins,46,815 5312 6606,8/13/1962,1.0,MORFA MAWR,LLANBEDR,LL452EQ,0.11197421699999999,0,2613.0,9,0
14,Female,Reba,Potts,43,902 5139 5643,9/6/1966,8.0,MERSEY ROAD,LIVERPOOL,L23 3AG,0.9999998999999999,0,0.169491525,3,0
15,Female,Benita,Mcgee,58,252 0214 8816,12/17/1977,1.0,ANDREW TERRACE,ABERTILLERY,NP132JL,0.00243525,0,0.304122253,11,0
16,,,,87,785 2119 5348,3/18/1995,1.0,BALBIRNIE AVENUE,GLENROTHES,KY7 6BS,0.330834583,0,0.262607905,6,0
17,Male,Ernie,Holden,88,037 9181 5398,12/30/1937,1.0,ADMIRAL COURT,LONDON NW4,NW4 4QD,0.06991573400000001,0,0.36369268899999996,14,0
18,,,,72,022 0011 2075,8/24/1983,1.0,ABBEYFIELD HOUSE,COWES,PO318HA,0.051998894000000004,0,0.16324087,9,0
19,Female,Amber,Mendoza,56,192 8484 8800,7/14/1969,,ACHANDUNIE,ALNESS,IV170YB,0.066781779,0,2754.0,5,0
20,Male,Emanuel,Nichols,59,742 0784 1671,7/14/1969,,ACHANDUNIE,ALNESS,IV170YB,0.22810905899999998,0,0.111087844,8,0
21,,,,58,820 2751 7108,7/20/1989,1.0,ALLINGHAM COURT,GODALMING,GU7 3AW,0.013173337,0,0.38237394700000005,9,0
22,Non-binary,Sondra,Reyes,59,872 8264 4402,6/14/1991,2.0,AKEMAN COURT,CIRENCESTER,GL7 1LL,0.0023848370000000003,0,0.21972534300000002,6,0
23,,,,58,419 7744 1865,8/24/1983,1.0,ABBEYFIELD HOUSE,COWES,PO318HA,0.094813059,0,0.232323232,5,0
24,,,,46,865 6020 8038,8/14/1994,33.0,ARGYLE STREET,LOSSIEMOUTH,IV316AP,0.0,0,0.085987848,12,0
25,Female,Sheri,Spears,43,147 4936 2763,1/10/1954,1.0,ABINGER GARDENS,ISLEWORTH,TW7 6LG,0.6099454470000001,0,0.075452716,7,0
26,Female,Beverly,Rosales,45,146 1089 1290,1/10/1954,1.0,ABINGER GARDENS,ISLEWORTH,TW7 6LG,0.144981413,0,2739.0,8,0
27,Male,Tod,Holcomb,76,909 6885 1641,3/31/1966,1.0,ABERDEEN TERRACE,LONDON SE3,SE3 0QX,0.833379133,0,0.49425727399999997,10,1
28,Female,Juliana,Rowland,47,475 3313 8790,8/24/1983,1.0,ABBEYFIELD HOUSE,COWES,PO318HA,0.9999998999999999,0,0.107400131,0,0
29,,,,53,917 4840 2877,5/14/1961,1.0,OSBORNE COURT,PRESTONPANS,EH320JS,0.030746157000000003,0,0.419058094,14,0
30,Female,Bertie,Slater,50,833 4504 7928,8/23/1981,1.0,CLOS TYNIAD GLO,BARRY,CF634QQ,0.013498313,2,1066.0,12,0
31,Female,Lourdes,Hull,47,730 5343 2167,8/14/1994,33.0,ARGYLE STREET,LOSSIEMOUTH,IV316AP,0.024216612999999998,0,0.28718233600000004,6,0
32,Male,Arnulfo,Pittman,68,521 0626 2578,3/18/1995,1.0,BALBIRNIE AVENUE,GLENROTHES,KY7 6BS,0.032048911,0,0.004570993,26,0
33,Male,Derrick,Vaughn,82,804 2146 2858,8/14/1994,33.0,ARGYLE STREET,LOSSIEMOUTH,IV316AP,0.003771321,0,0.231896935,4,0
34,Non-binary,Silvia,Ortega,50,086 6807 3365,5/14/1967,1.0,ABBOTS DRIVE,BALLASALLA,IM9 3EB,0.176933841,0,0.842831434,11,0
35,Female,Debora,Hinton,44,319 3852 9497,11/21/1998,1.0,DRAKE ROAD,LEE ON THE SOLENT,PO139NS,0.252221076,1,0.15547576300000002,26,0
36,Male,Carey,Ferrell,87,961 1996 8138,9/6/1966,8.0,MERSEY ROAD,LIVERPOOL,L23 3AG,3.3066933069999997,0,0.308557152,4,1
37,Male,Kareem,Fuentes,69,890 0917 8878,8/23/1981,1.0,CLOS TYNIAD GLO,BARRY,CF634QQ,0.08485239900000001,0,122.0,2,0
38,Male,Aubrey,Myers,57,645 4704 3495,7/7/1963,2.0,BRIDGE STREET,CEMAES BAY,LL670NN,0.21774704,0,0.11304552400000001,24,0
39,Female,Denise,Swanson,56,877 9060 4188,10/10/1966,6013.0,ALMA ROAD,COLNE,BB87JJ,0.019327203,0,2394.0,10,0
40,Female,Amber,Warner,58,405 9523 2621,8/13/1962,1.0,MORFA MAWR,LLANBEDR,LL452EQ,0.019420597,0,18.0,4,0
41,Female,Gracie,Mosley,48,353 5981 7293,3/31/1966,1.0,ABERDEEN TERRACE,LONDON SE3,SE3 0QX,0.0,0,183.0,4,0
42,Non-binary,Antonia,Kinney,42,942 8094 6103,9/11/1994,1.0,WOODSIDE,ISLE OF GIGHA,PA417AD,0.001542846,0,4612.0,19,0
43,Female,Gilda,Dillon,52,861 8996 4528,2/3/1988,1.0,BAY VIEW TERRACE,CAERNARVON,LL545PS,0.060789134,0,595.0,6,0
44,Female,Kelly,Spence,40,476 8212 2271,8/13/1962,1.0,MORFA MAWR,LLANBEDR,LL452EQ,0.030070406,0,0.29988319,19,0
45,Non-binary,James,Cain,48,097 6781 7143,12/17/1977,1.0,ANDREW TERRACE,ABERTILLERY,NP132JL,0.073406665,0,107.0,3,0
46,Female,Lawanda,Whitehead,42,509 4442 6144,7/29/1982,3.0,ABERY STREET,LONDON SE18,SE181DB,0.0,0,118.0,4,0
47,Non-binary,Chadwick,Walton,61,063 9021 4225,5/14/1967,1.0,ABBOTS DRIVE,BALLASALLA,IM9 3EB,0.26812050600000004,0,0.313717598,14,0
48,Non-binary,Kitty,Mathis,57,601 9229 0959,10/10/1966,6013.0,ALMA ROAD,COLNE,BB87JJ,0.361527694,0,688.0,2,0
49,Female,Katina,Wynn,44,657 8747 5097,10/9/1988,1.0,ABERGELDIE ROAD,LONDON SE12,SE128BH,0.027263495,2,0.149180109,6,0
50,Female,Patsy,Koch,49,473 3112 0839,7/29/1982,3.0,ABERY STREET,LONDON SE18,SE181DB,0.017445428,0,448.0,5,0
51,Male,Bernardo,Austin,64,443 0857 0560,8/14/1994,33.0,ARGYLE STREET,LOSSIEMOUTH,IV316AP,0.053695667999999995,0,0.172952114,9,0
52,,,,56,620 0804 1118,8/18/1968,15.0,ARGYLE PLACE,LONDON W6,W6  0RQ,0.31438952,0,0.424909446,11,0
53,Male,Christopher,Peters,63,638 0566 4581,12/17/1977,1.0,ANDREW TERRACE,ABERTILLERY,NP132JL,0.14489021400000002,0,0.201493048,9,0
54,Female,Maria,Chavez,42,421 1317 3679,8/14/1994,33.0,ARGYLE STREET,LOSSIEMOUTH,IV316AP,0.9999998999999999,0,0.651370413,10,0
55,Male,Damon,Hunt,56,615 6236 6190,12/18/1985,1.0,CRAIGIE AVENUE,BOAT OF GARTEN,PH243BL,0.9999998999999999,0,0.008883953,6,0
56,Female,Joanna,Poole,52,469 5462 4043,7/29/1982,3.0,ABERY STREET,LONDON SE18,SE181DB,0.670534986,0,0.367733333,13,0
57,Non-binary,Berta,Irwin,40,577 4082 9156,7/7/1963,2.0,BRIDGE STREET,CEMAES BAY,LL670NN,0.667144294,0,0.561685824,14,0
58,,,,58,677 2295 9755,8/13/1962,1.0,MORFA MAWR,LLANBEDR,LL452EQ,0.012504837,0,0.36825269899999996,13,0
59,Male,Sterling,Patel,59,535 8077 5112,1/10/1954,1.0,ABINGER GARDENS,ISLEWORTH,TW7 6LG,0.870283962,0,0.463192101,8,0
60,Female,Tessa,Pace,55,177 9316 7070,8/23/1981,1.0,CLOS TYNIAD GLO,BARRY,CF634QQ,0.0,0,0.483712354,6,0
61,Non-binary,Rebekah,Hull,49,547 1423 4666,10/20/1996,2.0,AVILS HILL,KILBIRNIE,KA256BN,0.01300294,0,10571.0,15,1
62,Female,Mercedes,Glass,52,290 6738 7988,7/26/1963,1.0,BELLE VUE,LLANFECHAIN,SY226UN,0.9999998999999999,1,135.0,1,0
63,Female,Yvette,Rivers,50,805 2383 8977,4/6/1982,3.0,ARLECDON PARKS ROAD,FRIZINGTON,CA263XG,0.78553633,1,0.308998125,19,0
64,Female,Bonita,Dixon,49,956 3785 4757,8/14/1994,33.0,ARGYLE STREET,LOSSIEMOUTH,IV316AP,0.031473022,0,0.667732907,10,0
65,Female,Ebony,Eaton,45,036 7674 4986,6/14/1991,2.0,AKEMAN COURT,CIRENCESTER,GL7 1LL,0.0,0,0.21666666699999998,9,0
66,Male,Earl,Gilbert,53,602 2332 7785,5/14/1961,1.0,OSBORNE COURT,PRESTONPANS,EH320JS,0.517424615,0,0.629422719,9,0
67,Female,Reyna,Mccoy,42,277 2347 5183,10/9/1988,1.0,ABERGELDIE ROAD,LONDON SE12,SE128BH,0.01459927,0,0.0035398229999999997,3,0
68,Female,Noreen,Bray,41,438 3661 5693,8/24/1983,1.0,ABBEYFIELD HOUSE,COWES,PO318HA,0.7582417579999999,3,0.192207369,14,0
69,Female,Jayne,Coleman,41,046 8973 8528,4/19/1965,,ALBION ROAD,CHRISTCHURCH,BH232JG,0.362768317,0,0.10814864199999999,5,0
70,Female,Kristy,Jordan,47,996 1568 9058,9/11/1994,1.0,WOODSIDE,ISLE OF GIGHA,PA417AD,0.008916295,0,6.0,2,0
71,Male,Fritz,Gross,57,458 5840 5556,5/28/1995,3.0,ADDISON ROAD,HOVE,BN3 1TN,0.051826773,0,0.46766351700000003,11,0
72,Male,Irvin,Witt,60,438 1154 2679,9/2/1965,1.0,ABBERLEY DRIVE,DROITWICH,WR9 8NY,0.014968016,0,0.40193816299999996,10,0
73,Male,Vernon,Bass,79,310 6029 1596,9/11/1994,1.0,WOODSIDE,ISLE OF GIGHA,PA417AD,0.075176098,0,4644.0,22,0
74,Female,Lavonne,Carney,41,525 8266 2193,6/14/1991,2.0,AKEMAN COURT,CIRENCESTER,GL7 1LL,0.9999998999999999,0,0.0,0,0
75,Male,Christian,Morrison,65,373 5230 3637,8/24/1983,1.0,ABBEYFIELD HOUSE,COWES,PO318HA,0.06276121700000001,0,0.866538646,13,0
76,Non-binary,Kim,England,50,313 9278 1664,10/10/1966,6013.0,ALMA ROAD,COLNE,BB87JJ,0.9999998999999999,1,0.201776024,1,0
77,Female,Luisa,Mcintyre,42,157 8709 9692,9/2/1965,1.0,ABBERLEY DRIVE,DROITWICH,WR9 8NY,0.040077494,0,2512.0,6,0
78,,,,84,688 0615 5366,4/6/1982,3.0,ARLECDON PARKS ROAD,FRIZINGTON,CA263XG,0.52505486,0,0.5353775829999999,14,0
79,Female,Estella,Potter,58,847 9212 4004,5/25/1962,,BETCHWORTH LODGE,BETCHWORTH,RH3 7BW,0.0,1,0.279902512,12,0
80,Male,Ernesto,Moreno,85,638 7659 0408,9/5/1988,,ALBERT COURT,BOSTON,PE218NU,0.027317986000000002,0,0.013900245,3,0
81,Female,Joanna,Rodriquez,54,756 7438 2141,8/14/1994,33.0,ARGYLE STREET,LOSSIEMOUTH,IV316AP,2.0986077990000003,0,0.25293676600000004,9,0
82,Female,Angelique,Guy,44,739 4294 3292,12/18/1985,1.0,CRAIGIE AVENUE,BOAT OF GARTEN,PH243BL,0.004872203,0,0.043993232,3,0
83,Female,Hazel,Case,43,657 9354 8870,3/18/1995,1.0,BALBIRNIE AVENUE,GLENROTHES,KY7 6BS,0.0024702979999999997,0,1.753948039,14,0
84,Female,Genevieve,Bradshaw,51,530 5159 3097,10/10/1966,6013.0,ALMA ROAD,COLNE,BB87JJ,0.059894011,0,0.117243744,6,0
85,Male,Nelson,Wilkins,67,738 6570 6187,5/25/1969,15.0,BLINKBONNY ROAD,CURRIE,EH146AE,0.723706738,1,1.273654917,11,0
86,,,,67,893 9051 9560,3/18/1995,1.0,BALBIRNIE AVENUE,GLENROTHES,KY7 6BS,0.0,0,0.266242617,8,0
87,,,,43,889 7146 0596,1/10/1954,1.0,ABINGER GARDENS,ISLEWORTH,TW7 6LG,0.378990948,0,0.372881356,10,0
88,Female,Taylor,Barlow,58,822 5367 9001,1/25/1980,1.0,CHILTON COURT,FOLKESTONE,CT201NR,0.7502205820000001,1,0.309785158,8,0
89,Non-binary,Kimberly,Summers,41,350 6832 1103,5/14/1961,1.0,OSBORNE COURT,PRESTONPANS,EH320JS,0.363587416,0,0.307935208,11,0
90,,,,52,536 1566 3156,7/7/1963,2.0,BRIDGE STREET,CEMAES BAY,LL670NN,0.589271314,0,4423.0,13,0
91,Female,Kristi,Monroe,40,111 9854 8832,8/14/1994,33.0,ARGYLE STREET,LOSSIEMOUTH,IV316AP,1.0019996,0,0.01071352,2,0
92,Female,Lidia,Rojas,41,040 0671 0453,4/17/1959,1.0,BEVERLEY CLOSE,LONDON SW13,SW130EH,0.16966067899999998,1,0.270665953,3,0
93,,,,47,594 0675 1335,9/2/1965,1.0,ABBERLEY DRIVE,DROITWICH,WR9 8NY,0.092429972,0,0.168332667,9,0
94,Female,Nichole,Lloyd,45,952 2087 8269,11/21/1998,1.0,DRAKE ROAD,LEE ON THE SOLENT,PO139NS,0.08865635300000001,0,0.5303674079999999,14,0
95,Female,Adrienne,Puckett,47,794 7476 0236,5/10/1964,1.0,ARDFARNAL,CRAIGHOUSE,PA607XZ,0.525475906,1,0.205695328,6,0
96,Non-binary,Shannon,Snow,53,232 4936 1034,1/7/1982,1.0,APPIN PLACE,ABERFELDY,PH152AH,0.01470778,0,0.139825218,3,0
97,Male,Dwayne,Kim,55,335 3868 8051,5/14/1961,1.0,OSBORNE COURT,PRESTONPANS,EH320JS,0.9980241440000001,1,0.8784668720000001,11,0
98,,,,59,163 6223 4703,8/18/1968,15.0,ARGYLE PLACE,LONDON W6,W6  0RQ,0.9999998999999999,0,0.004470939,1,1
99,Male,Forest,Moss,59,347 3097 1282,9/6/1966,8.0,MERSEY ROAD,LIVERPOOL,L23 3AG,0.283740887,0,0.42171466399999996,9,0
100,,,,69,661 1646 0802,1/8/1969,1.0,HILL STREET,ISLE OF LEWIS,HS2 0NG,0.0,0,0.0,2,0
101,Female,Brandy,Carr,50,166 1799 4943,7/26/1963,1.0,BELLE VUE,LLANFECHAIN,SY226UN,0.9999998999999999,0,34.0,1,0
102,Female,Ester,Houston,59,912 0897 3154,12/18/1985,1.0,CRAIGIE AVENUE,BOAT OF GARTEN,PH243BL,0.7505385609999999,1,0.287632105,13,1
103,Non-binary,Lorrie,Sears,53,955 0200 7252,9/2/1965,1.0,ABBERLEY DRIVE,DROITWICH,WR9 8NY,0.17389792199999998,0,0.02665482,1,0
104,,,,58,862 0377 3079,5/14/1961,1.0,OSBORNE COURT,PRESTONPANS,EH320JS,0.9224429129999999,0,0.12798031099999999,8,0
105,,,,86,583 4642 5983,7/29/1982,3.0,ABERY STREET,LONDON SE18,SE181DB,0.417228353,1,737.0,6,0
106,Male,Doug,Small,66,248 1235 4617,7/26/1963,1.0,BELLE VUE,LLANFECHAIN,SY226UN,0.182560635,0,600.0,19,0
107,Female,Adele,Scott,49,354 4701 5039,5/28/1995,3.0,ADDISON ROAD,HOVE,BN3 1TN,0.017220024,0,0.0016561129999999999,7,0
108,Female,Tameka,Atkinson,46,420 7973 8386,5/14/1967,1.0,ABBOTS DRIVE,BALLASALLA,IM9 3EB,0.080132115,0,0.319806178,9,0
109,Female,Louisa,Nelson,53,129 5695 0589,10/9/1988,1.0,ABERGELDIE ROAD,LONDON SE12,SE128BH,0.950110515,1,0.713898065,9,0
110,Female,Deann,Mccormick,60,123 6709 7137,7/29/1982,3.0,ABERY STREET,LONDON SE18,SE181DB,0.032597827,0,0.440528634,17,0
111,Female,Shawna,Buck,44,716 3739 3783,9/13/1980,,BLACK WYCHEND,BROMYARD,HR7 4JG,0.8995400309999999,0,0.11020036400000001,5,0
112,Female,Joyce,Hooper,45,873 4913 5033,5/28/1995,3.0,ADDISON ROAD,HOVE,BN3 1TN,0.9999998999999999,0,0.05545943,0,1
113,Female,Gena,Bradley,56,207 4451 8557,1/25/1980,1.0,CHILTON COURT,FOLKESTONE,CT201NR,0.177835553,0,0.048162653,10,0
114,Male,Earnest,Kirk,57,377 5518 0556,1/10/1954,1.0,ABINGER GARDENS,ISLEWORTH,TW7 6LG,0.518713921,0,0.311804009,11,0
115,Female,Kristina,Ware,44,566 5708 3126,3/18/1995,1.0,BALBIRNIE AVENUE,GLENROTHES,KY7 6BS,0.055273618,0,69.0,5,0
116,Male,Joaquin,Bentley,58,810 1949 0999,1/25/1980,1.0,CHILTON COURT,FOLKESTONE,CT201NR,0.790868597,0,0.21605933600000002,3,0
117,Female,Maxine,Moran,57,948 2519 9796,3/18/1995,1.0,BALBIRNIE AVENUE,GLENROTHES,KY7 6BS,0.421555952,0,0.662473984,17,0
118,Non-binary,May,Hodge,56,820 7655 1533,8/23/1981,1.0,CLOS TYNIAD GLO,BARRY,CF634QQ,0.9421574079999999,0,0.55629612,12,0
119,Male,Jerrold,Sweet,77,472 0514 1390,3/18/1995,1.0,BALBIRNIE AVENUE,GLENROTHES,KY7 6BS,0.158499397,0,0.012759474,4,0
120,Male,Willie,Gibson,61,970 4949 5311,1/25/1980,1.0,CHILTON COURT,FOLKESTONE,CT201NR,0.502386286,0,0.7823634970000001,11,0
121,,,,60,843 5117 6994,5/25/1962,,BETCHWORTH LODGE,BETCHWORTH,RH3 7BW,0.718735472,0,0.26451364899999996,5,1
122,Female,Colleen,Bray,57,923 7494 8728,7/20/1989,1.0,ALLINGHAM COURT,GODALMING,GU7 3AW,0.361746093,0,0.6526349610000001,13,0
123,,,,68,030 9326 0120,5/14/1967,1.0,ABBOTS DRIVE,BALLASALLA,IM9 3EB,0.145074822,0,0.30885352899999996,9,0
124,Female,Ava,Kane,40,935 4140 2251,9/13/1980,,BLACK WYCHEND,BROMYARD,HR7 4JG,0.8622754490000001,1,12.0,1,0
125,Female,Caitlin,Mann,48,288 6857 8169,7/14/1969,,ACHANDUNIE,ALNESS,IV170YB,0.016056258,0,0.7371079770000001,12,0
126,Female,Stella,Guy,50,821 6565 7531,4/6/1982,3.0,ARLECDON PARKS ROAD,FRIZINGTON,CA263XG,0.005636415,0,0.0070077080000000005,28,0
127,,,,54,586 5024 0836,9/2/1965,1.0,ABBERLEY DRIVE,DROITWICH,WR9 8NY,0.12034384,0,1451.0,8,0
128,Female,Frieda,Hebert,44,651 8744 1031,8/13/1962,1.0,MORFA MAWR,LLANBEDR,LL452EQ,0.0044999440000000005,0,0.001538225,5,0
129,Male,Olin,Case,78,782 6630 7690,8/24/1983,1.0,ABBEYFIELD HOUSE,COWES,PO318HA,0.14645656,0,0.319924773,16,0
130,Female,Coleen,Morris,48,823 8761 7698,9/6/1966,8.0,MERSEY ROAD,LIVERPOOL,L23 3AG,0.0,0,0.0,2,0
131,Male,Roderick,Perry,81,279 0461 4611,3/18/1995,1.0,BALBIRNIE AVENUE,GLENROTHES,KY7 6BS,0.133921643,0,594.0,6,0
132,Male,Hubert,Zimmerman,59,560 3922 6359,10/9/1988,1.0,ABERGELDIE ROAD,LONDON SE12,SE128BH,0.0,0,0.233989267,2,0
133,Female,Becky,Bolton,40,298 6575 3242,10/10/1966,6013.0,ALMA ROAD,COLNE,BB87JJ,0.07963395,0,0.022279349,2,0
134,Male,Valentin,Montoya,81,119 2271 2939,5/25/1969,15.0,BLINKBONNY ROAD,CURRIE,EH146AE,0.550564936,0,1.13304253,8,0
135,,,,55,438 3896 1613,12/18/1985,1.0,CRAIGIE AVENUE,BOAT OF GARTEN,PH243BL,0.343197672,0,0.503642337,10,0
136,,,,55,433 4843 5155,8/24/1983,1.0,ABBEYFIELD HOUSE,COWES,PO318HA,0.007999866999999999,0,0.551879971,7,0
137,Non-binary,Terence,Giles,54,025 9070 7343,3/18/1995,1.0,BALBIRNIE AVENUE,GLENROTHES,KY7 6BS,0.344106236,0,0.375924815,3,0
138,,,,48,431 8407 9223,5/28/1995,3.0,ADDISON ROAD,HOVE,BN3 1TN,0.003996004,1,0.175941353,3,0
139,Non-binary,Haley,Maddox,48,079 2567 4269,3/18/1995,1.0,BALBIRNIE AVENUE,GLENROTHES,KY7 6BS,0.115616614,0,2967.0,9,0
140,Non-binary,Cornell,Daniel,90,750 6386 2373,2/3/1988,1.0,BAY VIEW TERRACE,CAERNARVON,LL545PS,0.042067103,0,0.35466415700000004,6,0
141,Female,Bobbie,Singleton,46,795 4139 4129,9/13/1980,,BLACK WYCHEND,BROMYARD,HR7 4JG,0.44562416200000005,0,1903.0,11,0
142,Female,Liliana,Donovan,41,665 3973 9146,12/30/1937,1.0,ADMIRAL COURT,LONDON NW4,NW4 4QD,0.9999998999999999,0,439.0,1,0
143,Female,Vivian,Burnett,46,201 9732 0001,5/25/1969,15.0,BLINKBONNY ROAD,CURRIE,EH146AE,0.29882995,0,0.7704862290000001,8,0
144,Male,Mauricio,Potts,90,271 3634 8339,8/18/1968,15.0,ARGYLE PLACE,LONDON W6,W6  0RQ,0.021402881000000002,0,43.0,17,0
145,Female,Rae,Peck,43,931 8136 3050,6/14/1991,2.0,AKEMAN COURT,CIRENCESTER,GL7 1LL,0.144650778,1,0.504148054,12,0
146,Female,Monique,Deleon,50,115 4600 2277,3/31/1966,1.0,ABERDEEN TERRACE,LONDON SE3,SE3 0QX,0.6350272370000001,0,0.298623734,7,0
147,Male,Miguel,Finley,67,264 1639 1249,5/10/1964,1.0,ARDFARNAL,CRAIGHOUSE,PA607XZ,0.622076551,0,0.461916015,5,0
148,Male,Rico,Mayo,67,470 1462 3972,10/10/1966,6013.0,ALMA ROAD,COLNE,BB87JJ,0.03357949,0,0.127797834,12,0
149,Female,Catalina,Guthrie,57,399 8683 0411,9/6/1966,8.0,MERSEY ROAD,LIVERPOOL,L23 3AG,0.425149701,0,0.0055452869999999994,1,0
150,Female,Sheri,Whitley,45,981 8613 9806,11/21/1998,1.0,DRAKE ROAD,LEE ON THE SOLENT,PO139NS,0.544446464,0,0.880108992,8,0
151,Female,Lynn,Pena,40,388 2917 2520,5/14/1967,1.0,ABBOTS DRIVE,BALLASALLA,IM9 3EB,0.0,0,0.075395217,7,0
152,Female,Olive,Livingston,55,263 3312 3708,10/10/1966,6013.0,ALMA ROAD,COLNE,BB87JJ,0.648785583,0,0.240317776,6,0
153,Female,Kimberley,Jacobson,52,033 2568 1256,12/18/1985,1.0,CRAIGIE AVENUE,BOAT OF GARTEN,PH243BL,0.15349147300000002,0,0.21550530699999998,6,0
154,Male,Courtney,Barnes,58,880 6351 3850,4/6/1982,3.0,ARLECDON PARKS ROAD,FRIZINGTON,CA263XG,0.606064081,0,0.105585922,5,0
155,Male,Jackson,Bass,50,758 0587 8443,7/29/1982,3.0,ABERY STREET,LONDON SE18,SE181DB,0.9999998999999999,0,0.375423588,5,1
156,Female,Charmaine,Hawkins,50,969 4297 7121,5/10/1964,1.0,ARDFARNAL,CRAIGHOUSE,PA607XZ,0.08512798,0,0.307475854,5,0
157,Male,Genaro,Stafford,77,024 0297 5247,8/14/1994,33.0,ARGYLE STREET,LOSSIEMOUTH,IV316AP,0.0007610480000000001,0,0.000249938,5,0
158,Male,Lamont,Woods,59,807 0383 0539,1/25/1980,1.0,CHILTON COURT,FOLKESTONE,CT201NR,0.032336822,0,36.0,4,0
159,Female,Melanie,Zimmerman,58,651 3700 6622,10/9/1988,1.0,ABERGELDIE ROAD,LONDON SE12,SE128BH,0.0,0,0.0,8,0
160,Female,Wanda,Lester,54,666 2708 7587,1/8/1969,1.0,HILL STREET,ISLE OF LEWIS,HS2 0NG,0.46790641899999996,1,0.47171743,3,0
161,,,,83,070 9415 7146,5/14/1961,1.0,OSBORNE COURT,PRESTONPANS,EH320JS,0.0,0,0.432205424,7,0
162,Male,Craig,Roberts,67,975 2804 4105,5/28/1995,3.0,ADDISON ROAD,HOVE,BN3 1TN,0.401644877,0,1047.0,8,0
163,Male,Max,Barrera,66,580 6000 5368,10/10/1966,6013.0,ALMA ROAD,COLNE,BB87JJ,0.512509752,1,0.10016,12,0
164,,,,59,800 9909 9246,12/17/1977,1.0,ANDREW TERRACE,ABERTILLERY,NP132JL,0.021422867,1,0.204079592,8,0
165,Male,Norris,Mack,73,150 5688 0257,5/25/1969,15.0,BLINKBONNY ROAD,CURRIE,EH146AE,0.18144269300000002,1,0.30215827300000003,12,0
166,Male,Duncan,Chen,69,637 6988 3366,2/3/1988,1.0,BAY VIEW TERRACE,CAERNARVON,LL545PS,0.0063561469999999995,0,0.00193382,4,0
167,Female,Faye,Mercer,49,655 2323 1782,3/18/1995,1.0,BALBIRNIE AVENUE,GLENROTHES,KY7 6BS,0.130992723,0,0.004184851,1,0
168,Male,Carmelo,Scott,61,420 8253 7334,9/5/1988,,ALBERT COURT,BOSTON,PE218NU,0.880329955,1,0.512255742,17,0
169,Female,Claudine,Black,45,861 6319 4463,1/7/1982,1.0,APPIN PLACE,ABERFELDY,PH152AH,0.58629232,3,0.292596249,3,0
170,,,,90,951 0161 1101,4/3/1961,1.0,BIRCH PARK,COLEFORD,GL167RU,0.219794505,0,0.22125182,6,0
171,Female,Elvira,Byrd,54,859 1697 3947,12/30/1937,1.0,ADMIRAL COURT,LONDON NW4,NW4 4QD,0.012761601000000001,0,0.058706336,9,0
172,,,,58,197 3018 1263,7/26/1963,1.0,BELLE VUE,LLANFECHAIN,SY226UN,0.024954523,0,0.015769626000000002,12,0
173,Female,Liz,Barry,46,171 8378 1273,1/25/1980,1.0,CHILTON COURT,FOLKESTONE,CT201NR,0.0,0,0.467616852,8,0
174,,,,45,586 0550 1179,4/19/1965,,ALBION ROAD,CHRISTCHURCH,BH232JG,0.015998222,0,0.558312655,9,0
175,Female,Celina,Huffman,59,638 7473 0188,1/7/1982,1.0,APPIN PLACE,ABERFELDY,PH152AH,0.822967109,0,1225.0,4,0
176,Female,Kathryn,Sargent,49,065 5790 5736,3/24/2001,1.0,ANNIVERSARY MEWS,INGATESTONE,CM4 0NQ,0.634478851,0,0.626101322,4,0
177,Female,Ava,Romero,40,321 4804 5612,10/20/1996,2.0,AVILS HILL,KILBIRNIE,KA256BN,0.053427045,0,0.017736214,3,0
178,,,,68,915 5086 7808,8/13/1962,1.0,MORFA MAWR,LLANBEDR,LL452EQ,0.095163495,0,0.239076092,4,0
179,Female,Raquel,Bray,57,562 0481 6361,9/5/1988,,ALBERT COURT,BOSTON,PE218NU,0.187207111,0,1.056377449,18,1
180,,,,50,313 5335 8170,8/14/1994,33.0,ARGYLE STREET,LOSSIEMOUTH,IV316AP,0.538922156,0,461.0,4,0
181,Male,Wilfredo,Richards,64,384 5797 1563,3/18/1995,1.0,BALBIRNIE AVENUE,GLENROTHES,KY7 6BS,0.526096911,0,2154.0,5,0
182,Female,Pauline,Gilbert,52,822 5566 0948,5/28/1995,3.0,ADDISON ROAD,HOVE,BN3 1TN,0.634629726,0,0.218700475,14,0
183,Female,Eula,Atkinson,52,894 0931 6645,9/11/1994,1.0,WOODSIDE,ISLE OF GIGHA,PA417AD,0.027870155,1,2136.0,19,0
184,Female,Marta,Cervantes,48,957 6081 9891,9/13/1980,,BLACK WYCHEND,BROMYARD,HR7 4JG,0.06056803400000001,0,0.46560937799999996,9,0
185,Female,Kathleen,Middleton,45,706 7820 8917,7/26/1963,1.0,BELLE VUE,LLANFECHAIN,SY226UN,0.0,0,2140.0,8,0
186,Male,Dillon,Dunn,83,416 8018 4160,4/6/1982,3.0,ARLECDON PARKS ROAD,FRIZINGTON,CA263XG,0.382082618,0,0.271898248,8,0
187,Female,Erna,Tran,60,622 9996 1165,5/10/1964,1.0,ARDFARNAL,CRAIGHOUSE,PA607XZ,0.006253006,0,0.0015785320000000001,3,0
188,Female,Mariana,Mcneil,41,593 4006 2166,4/17/1959,1.0,BEVERLEY CLOSE,LONDON SW13,SW130EH,0.012472375,0,17.0,9,0
189,,,,67,704 2673 2434,5/14/1961,1.0,OSBORNE COURT,PRESTONPANS,EH320JS,0.0,0,0.25095480600000003,7,0
190,Male,Elliott,Marks,60,287 1721 9118,5/25/1969,15.0,BLINKBONNY ROAD,CURRIE,EH146AE,0.009184958,0,0.20112285300000002,6,0
191,Non-binary,Percy,Hunt,79,341 9678 8933,8/23/1981,1.0,CLOS TYNIAD GLO,BARRY,CF634QQ,0.058580892,0,0.14440794199999998,5,0
192,Female,Carlene,Cain,52,158 0702 5747,9/5/1988,,ALBERT COURT,BOSTON,PE218NU,0.028288275,0,0.136430462,12,0
193,,,,55,621 6316 4640,1/8/1969,1.0,HILL STREET,ISLE OF LEWIS,HS2 0NG,0.006743041,0,1109.0,10,0
194,Female,Loretta,Sawyer,47,101 4470 2189,8/24/1983,1.0,ABBEYFIELD HOUSE,COWES,PO318HA,0.27990000800000003,0,0.140242988,7,0
195,Female,Alison,Walsh,42,844 1610 5645,12/17/1977,1.0,ANDREW TERRACE,ABERTILLERY,NP132JL,0.9999998999999999,0,1710.0,3,0
196,Female,Juliette,Mosley,58,152 5301 1237,5/28/1995,3.0,ADDISON ROAD,HOVE,BN3 1TN,0.985755499,1,795.0,6,0
197,,,,89,580 8981 3607,5/25/1962,,BETCHWORTH LODGE,BETCHWORTH,RH3 7BW,0.136101635,0,0.792992162,8,0
198,Male,Kory,Frank,61,187 6032 9057,1/10/1954,1.0,ABINGER GARDENS,ISLEWORTH,TW7 6LG,0.135418899,0,0.11126735800000001,4,0
199,Female,Edna,Petersen,55,738 8349 9927,9/13/1980,,BLACK WYCHEND,BROMYARD,HR7 4JG,0.064355126,0,2892.0,8,0
200,Female,Victoria,Howe,59,837 4863 2820,8/14/1994,33.0,ARGYLE STREET,LOSSIEMOUTH,IV316AP,0.0,0,0.0,3,0
201,Male,Efrain,Carney,62,307 0055 1065,1/7/1982,1.0,APPIN PLACE,ABERFELDY,PH152AH,0.186519937,0,895.0,13,0
202,,,,54,018 3523 0892,2/14/1986,1.0,CARNEBY HOUSE,FRINTON ON SEA,CO139HJ,0.138893154,1,0.6791824040000001,14,0
203,,,,41,926 9648 8342,9/2/1965,1.0,ABBERLEY DRIVE,DROITWICH,WR9 8NY,0.391690208,0,0.47696025299999995,9,0
204,Female,Rhea,Faulkner,47,944 8146 8941,10/10/1966,6013.0,ALMA ROAD,COLNE,BB87JJ,0.0,1,0.143405013,5,0
205,Female,Rochelle,Guerrero,48,993 7267 3258,9/11/1994,1.0,WOODSIDE,ISLE OF GIGHA,PA417AD,0.7145356829999999,1,0.17175763600000002,10,1
206,,,,42,096 9794 1255,5/14/1961,1.0,OSBORNE COURT,PRESTONPANS,EH320JS,0.023405477,0,0.021654636,5,0
207,Female,Molly,Manning,48,965 9255 1684,3/31/1966,1.0,ABERDEEN TERRACE,LONDON SE3,SE3 0QX,0.001081365,0,0.336132773,22,0
208,Female,Lana,Hayes,40,285 1750 1189,7/20/1989,1.0,ALLINGHAM COURT,GODALMING,GU7 3AW,0.07958729099999999,0,1737.0,5,0
209,Male,Alec,Brown,58,471 8235 0766,7/14/1969,,ACHANDUNIE,ALNESS,IV170YB,0.012046741000000001,0,0.539147671,12,0
210,Male,Sonny,Morin,60,508 9204 3035,11/21/1998,1.0,DRAKE ROAD,LEE ON THE SOLENT,PO139NS,0.9999998999999999,1,0.248418248,1,1
211,Female,Earline,Cherry,56,756 7298 4608,7/26/1963,1.0,BELLE VUE,LLANFECHAIN,SY226UN,0.12687299900000001,0,0.267317305,13,0
212,Female,Consuelo,Hamilton,47,127 4393 3904,10/10/1966,6013.0,ALMA ROAD,COLNE,BB87JJ,0.523856126,0,0.340653662,13,0
213,Female,Deidre,Anthony,47,314 6845 4512,9/2/1965,1.0,ABBERLEY DRIVE,DROITWICH,WR9 8NY,0.7589425809999999,0,0.436170922,9,0
214,Female,Luann,Crane,49,076 8347 7568,7/7/1963,2.0,BRIDGE STREET,CEMAES BAY,LL670NN,0.168635585,0,1.4203622740000001,19,0
215,Female,Leann,Ortiz,59,173 0154 5490,4/6/1982,3.0,ARLECDON PARKS ROAD,FRIZINGTON,CA263XG,0.003163521,0,2.0,3,0
216,Male,Dario,Townsend,69,153 7504 4131,5/25/1969,15.0,BLINKBONNY ROAD,CURRIE,EH146AE,0.18018842899999998,0,835.0,7,0
217,Female,Tara,Gutierrez,44,803 4058 3988,1/10/1954,1.0,ABINGER GARDENS,ISLEWORTH,TW7 6LG,0.141403416,0,0.676476517,3,0
218,,,,56,656 5927 2736,12/18/1985,1.0,CRAIGIE AVENUE,BOAT OF GARTEN,PH243BL,1.0251798559999998,0,1.576905728,6,1
219,Male,Tanner,Matthews,75,517 3812 6423,2/3/1988,1.0,BAY VIEW TERRACE,CAERNARVON,LL545PS,0.33666659200000004,1,0.28435072100000003,20,0
220,,,,55,757 8175 7336,10/10/1966,6013.0,ALMA ROAD,COLNE,BB87JJ,0.0,0,0.22629184600000002,4,0
221,,,,47,648 2135 5171,1/25/1980,1.0,CHILTON COURT,FOLKESTONE,CT201NR,0.671205323,0,908.0,7,0
222,,,,51,201 2891 9419,9/11/1994,1.0,WOODSIDE,ISLE OF GIGHA,PA417AD,0.9999998999999999,0,0.12783632,4,0
223,Female,Janna,Joseph,58,850 4875 3677,8/13/1962,1.0,MORFA MAWR,LLANBEDR,LL452EQ,0.000307677,0,0.351557533,5,0
224,Female,Keri,Buchanan,48,915 6645 3686,7/20/1989,1.0,ALLINGHAM COURT,GODALMING,GU7 3AW,0.024544735,0,0.156465517,9,0
225,Female,Mitzi,Mueller,47,950 0072 1919,8/24/1983,1.0,ABBEYFIELD HOUSE,COWES,PO318HA,0.9999998999999999,0,0.068847308,1,0
226,Male,Kyle,Rios,55,428 7355 1411,8/13/1962,1.0,MORFA MAWR,LLANBEDR,LL452EQ,0.500135123,1,0.356301321,6,0
227,,,,51,288 7446 9398,8/13/1962,1.0,MORFA MAWR,LLANBEDR,LL452EQ,0.008796498,1,0.443690939,21,0
228,Female,Agnes,Herman,43,729 6491 9904,8/13/1962,1.0,MORFA MAWR,LLANBEDR,LL452EQ,0.229798138,0,0.223351728,6,0
229,Male,German,Sheppard,66,013 5677 1420,5/14/1967,1.0,ABBOTS DRIVE,BALLASALLA,IM9 3EB,0.9999998999999999,0,0.0,1,0
230,Female,Debbie,Velez,59,805 2874 7779,8/18/1968,15.0,ARGYLE PLACE,LONDON W6,W6  0RQ,0.827796185,0,0.9330508470000001,6,0
231,Male,Monte,Contreras,51,784 7457 9263,5/28/1995,3.0,ADDISON ROAD,HOVE,BN3 1TN,0.34874193200000003,0,0.363610759,10,0
232,Female,Angela,Compton,40,509 3129 2465,1/7/1982,1.0,APPIN PLACE,ABERFELDY,PH152AH,0.9999998999999999,1,730.0,1,0
233,Female,Nettie,Preston,40,538 0452 1533,5/14/1961,1.0,OSBORNE COURT,PRESTONPANS,EH320JS,0.223835057,0,0.183881612,11,0
234,,,,47,468 6353 4324,9/13/1980,,BLACK WYCHEND,BROMYARD,HR7 4JG,0.007408754,0,0.002332945,3,0
235,Male,Tracy,Sparks,63,659 6056 6772,4/17/1959,1.0,BEVERLEY CLOSE,LONDON SW13,SW130EH,0.0007547010000000001,0,0.00041649300000000004,6,0
236,Non-binary,Susanna,Huff,42,587 8460 3304,5/25/1969,15.0,BLINKBONNY ROAD,CURRIE,EH146AE,0.058806934000000005,0,1243.0,12,0
237,,,,51,534 8597 8927,2/3/1988,1.0,BAY VIEW TERRACE,CAERNARVON,LL545PS,0.0,0,0.432139781,7,0
238,Female,Trisha,Mueller,50,420 5144 2043,12/30/1937,1.0,ADMIRAL COURT,LONDON NW4,NW4 4QD,0.06677379,0,0.48129106,3,0
239,Female,Susan,Schwartz,47,144 8107 3895,7/26/1963,1.0,BELLE VUE,LLANFECHAIN,SY226UN,0.04911906,0,0.40371887799999995,10,0
240,Male,Tom,Frye,72,967 2739 8631,7/7/1963,2.0,BRIDGE STREET,CEMAES BAY,LL670NN,0.15490986,0,0.678412792,10,0
241,Female,Jerri,Douglas,59,152 3632 0670,5/10/1964,1.0,ARDFARNAL,CRAIGHOUSE,PA607XZ,0.137174729,0,0.18250899899999998,8,0
242,Male,Dusty,Hendricks,69,421 4788 0422,2/3/1988,1.0,BAY VIEW TERRACE,CAERNARVON,LL545PS,0.470559385,0,0.551908015,13,0
243,,,,46,158 9277 5335,2/14/1986,1.0,CARNEBY HOUSE,FRINTON ON SEA,CO139HJ,0.0,0,0.0,4,0
244,,,,41,604 2114 4310,5/28/1995,3.0,ADDISON ROAD,HOVE,BN3 1TN,0.043279898,0,3203.0,4,0
245,Non-binary,Ahmad,Poole,79,422 3177 2625,5/28/1995,3.0,ADDISON ROAD,HOVE,BN3 1TN,0.27391984199999997,0,0.360690236,15,0
246,Female,Tabatha,Arnold,45,389 6221 2853,5/14/1961,1.0,OSBORNE COURT,PRESTONPANS,EH320JS,0.0,0,0.037254081,3,0
247,,,,58,924 2599 2696,10/20/1996,2.0,AVILS HILL,KILBIRNIE,KA256BN,0.041496028,0,859.0,16,0
248,Female,Alberta,Page,55,572 4253 9200,5/14/1967,1.0,ABBOTS DRIVE,BALLASALLA,IM9 3EB,0.00604057,0,0.42293807299999997,6,0
249,Male,Erich,Goodman,53,124 6554 5298,8/13/1962,1.0,MORFA MAWR,LLANBEDR,LL452EQ,0.0,0,0.0,3,0
250,Female,Tabatha,Gonzales,57,952 1918 2387,8/14/1994,33.0,ARGYLE STREET,LOSSIEMOUTH,IV316AP,0.024664257999999998,0,0.456135966,10,0
251,,,,44,978 7341 1332,12/17/1977,1.0,ANDREW TERRACE,ABERTILLERY,NP132JL,0.874022007,0,0.26994001300000003,6,1
252,Male,Thurman,Good,90,311 6212 4539,4/19/1965,,ALBION ROAD,CHRISTCHURCH,BH232JG,0.438070184,0,0.304975728,5,0
253,Male,Bruno,Whitney,60,710 9430 7177,10/9/1988,1.0,ABERGELDIE ROAD,LONDON SE12,SE128BH,1.040321603,1,0.693367162,12,0
254,Non-binary,Celia,Huffman,57,736 1716 2046,3/18/1995,1.0,BALBIRNIE AVENUE,GLENROTHES,KY7 6BS,0.055016071,0,0.318506998,12,0
255,Male,Eric,Mccullough,54,409 5048 7607,9/2/1965,1.0,ABBERLEY DRIVE,DROITWICH,WR9 8NY,0.660467906,1,0.507661067,4,1
256,Female,Belinda,Trujillo,43,268 7763 4472,5/25/1969,15.0,BLINKBONNY ROAD,CURRIE,EH146AE,0.0437675,0,0.01144545,3,0
257,Female,Sondra,Stephens,47,474 4343 5021,5/25/1962,,BETCHWORTH LODGE,BETCHWORTH,RH3 7BW,0.086740668,0,0.069675856,3,0
258,Male,Bradley,Chan,62,022 4944 7924,8/13/1962,1.0,MORFA MAWR,LLANBEDR,LL452EQ,0.028598856000000002,0,0.170752762,5,0
259,Female,Cecilia,Dawson,42,264 2757 0937,1/8/1969,1.0,HILL STREET,ISLE OF LEWIS,HS2 0NG,0.0,0,1613.0,10,0
260,Male,Leonel,Guerrero,60,531 8716 0254,1/7/1982,1.0,APPIN PLACE,ABERFELDY,PH152AH,0.047641181,0,0.378564405,9,0
261,Non-binary,Edmund,Salas,60,533 7639 8165,3/31/1966,1.0,ABERDEEN TERRACE,LONDON SE3,SE3 0QX,0.156605424,0,0.573053368,9,0
262,,,,43,405 9106 4354,9/5/1988,,ALBERT COURT,BOSTON,PE218NU,0.0,0,0.947473737,7,0
263,Female,Margaret,Reilly,45,648 8122 1905,7/20/1989,1.0,ALLINGHAM COURT,GODALMING,GU7 3AW,0.104752698,0,1010.0,9,0
264,Female,Tammy,Casey,51,712 2560 0887,8/23/1981,1.0,CLOS TYNIAD GLO,BARRY,CF634QQ,0.0,1,0.0,4,0
265,,,,54,964 9813 5055,1/7/1982,1.0,APPIN PLACE,ABERFELDY,PH152AH,0.336924306,0,2222.0,20,0
266,Male,Guy,Rutledge,84,533 8846 6648,5/14/1967,1.0,ABBOTS DRIVE,BALLASALLA,IM9 3EB,0.999257463,0,0.855211513,11,0
267,,,,58,139 8190 4451,5/25/1969,15.0,BLINKBONNY ROAD,CURRIE,EH146AE,0.9122577690000001,0,1608.0,9,1
268,Female,Grace,Dejesus,40,201 1907 2878,8/14/1994,33.0,ARGYLE STREET,LOSSIEMOUTH,IV316AP,0.41328408,0,0.5239813560000001,9,0
269,Male,Fred,Hoffman,90,194 1860 4593,12/30/1937,1.0,ADMIRAL COURT,LONDON NW4,NW4 4QD,0.05415786,0,70.0,4,0
270,Female,Josephine,Pitts,58,500 2700 7984,7/26/1963,1.0,BELLE VUE,LLANFECHAIN,SY226UN,0.014055278000000001,0,0.11826383800000001,6,0
271,,,,45,625 0598 5363,7/7/1963,2.0,BRIDGE STREET,CEMAES BAY,LL670NN,0.503406696,1,0.217023049,7,0
272,,,,90,899 4168 1701,7/26/1963,1.0,BELLE VUE,LLANFECHAIN,SY226UN,0.9999998999999999,0,0.068850639,0,1
273,Female,Ines,Dominguez,40,517 6381 3991,1/7/1982,1.0,APPIN PLACE,ABERFELDY,PH152AH,0.017269587,0,2.0,2,0
274,Female,Marcie,Weiss,57,648 9802 6304,4/6/1982,3.0,ARLECDON PARKS ROAD,FRIZINGTON,CA263XG,0.06594742099999999,0,0.228514324,9,0
275,Female,Yvette,Warner,50,010 5033 9651,7/14/1969,,ACHANDUNIE,ALNESS,IV170YB,0.761974687,0,0.30583677,15,1
276,Female,Carolyn,Donaldson,41,360 1919 0378,4/19/1965,,ALBION ROAD,CHRISTCHURCH,BH232JG,0.021462046000000002,1,2501.0,18,1
277,,,,60,237 3034 4896,9/13/1980,,BLACK WYCHEND,BROMYARD,HR7 4JG,0.9999998999999999,0,0.0,1,0
278,Female,Belinda,Pace,52,538 3273 5772,2/3/1988,1.0,BAY VIEW TERRACE,CAERNARVON,LL545PS,0.014305106000000001,0,54.0,13,0
279,Female,Nadia,Stokes,57,413 4435 4611,5/25/1962,,BETCHWORTH LODGE,BETCHWORTH,RH3 7BW,1.0021047090000001,2,0.7472613459999999,8,1
280,Non-binary,Briana,Lancaster,43,072 0194 1235,9/6/1966,8.0,MERSEY ROAD,LIVERPOOL,L23 3AG,0.0,0,0.002796768,5,0
281,,,,62,298 8110 3514,4/19/1965,,ALBION ROAD,CHRISTCHURCH,BH232JG,0.5870502329999999,0,0.129205922,9,0
282,Male,Guy,Gilbert,50,475 7850 7163,8/14/1994,33.0,ARGYLE STREET,LOSSIEMOUTH,IV316AP,0.9999998999999999,1,0.967923863,6,1
283,Female,Jana,Weiss,43,068 4409 3021,5/28/1995,3.0,ADDISON ROAD,HOVE,BN3 1TN,0.0,0,0.0,1,0
284,Male,David,Meyer,86,836 6794 0977,10/9/1988,1.0,ABERGELDIE ROAD,LONDON SE12,SE128BH,0.088543822,0,0.317705963,13,0
285,,,,42,984 1583 9085,5/25/1962,,BETCHWORTH LODGE,BETCHWORTH,RH3 7BW,0.042187035,0,0.24704706,18,0
286,Male,Luther,Mcneil,75,999 8048 6812,9/11/1994,1.0,WOODSIDE,ISLE OF GIGHA,PA417AD,1.002263724,4,0.175012775,5,0
287,,,,84,580 6943 9313,9/5/1988,,ALBERT COURT,BOSTON,PE218NU,0.558471701,0,0.33289987,5,0
288,Female,Angelina,Lynn,45,137 0171 0192,11/21/1998,1.0,DRAKE ROAD,LEE ON THE SOLENT,PO139NS,0.03710089,1,0.9104477609999999,6,0
289,Female,Kirsten,Wolf,41,743 0619 4278,10/9/1988,1.0,ABERGELDIE ROAD,LONDON SE12,SE128BH,0.919246245,5,1.032653061,16,1
290,Male,Preston,Floyd,54,058 8614 3895,12/18/1985,1.0,CRAIGIE AVENUE,BOAT OF GARTEN,PH243BL,0.655147395,0,0.378128675,6,0
291,Female,Roseann,Riley,50,616 9708 1744,5/14/1961,1.0,OSBORNE COURT,PRESTONPANS,EH320JS,0.319285923,0,0.17695576100000002,6,0
292,Male,Christoper,Haynes,63,547 6240 5066,9/2/1965,1.0,ABBERLEY DRIVE,DROITWICH,WR9 8NY,0.020314996999999998,0,0.182744501,17,0
293,Female,Natalie,Marshall,58,204 5722 7005,8/13/1962,1.0,MORFA MAWR,LLANBEDR,LL452EQ,0.5589783979999999,0,0.477726114,15,0
294,,,,47,375 8737 2403,3/24/2001,1.0,ANNIVERSARY MEWS,INGATESTONE,CM4 0NQ,0.06638765599999999,0,0.117335686,12,0
295,,,,49,143 9977 6318,9/11/1994,1.0,WOODSIDE,ISLE OF GIGHA,PA417AD,0.044778057999999996,0,0.066173227,9,0
296,Male,Dylan,Cantu,60,569 7059 9798,8/23/1981,1.0,CLOS TYNIAD GLO,BARRY,CF634QQ,0.857827476,0,0.6398865779999999,14,0
297,Female,Melva,Payne,56,768 7320 3499,8/13/1962,1.0,MORFA MAWR,LLANBEDR,LL452EQ,0.128271475,0,0.23090254600000001,6,0
298,,,,63,595 5725 1139,8/23/1981,1.0,CLOS TYNIAD GLO,BARRY,CF634QQ,0.198572268,0,0.297770223,16,0
299,,,,72,620 9864 3464,4/17/1959,1.0,BEVERLEY CLOSE,LONDON SW13,SW130EH,0.449462705,0,3837.0,13,0
300,Female,Janie,Velasquez,40,357 0271 5722,4/19/1965,,ALBION ROAD,CHRISTCHURCH,BH232JG,0.081862301,0,1015.0,4,0
301,,,,85,902 2977 3822,11/21/1998,1.0,DRAKE ROAD,LEE ON THE SOLENT,PO139NS,0.024099584,0,0.398746456,13,1
302,Female,Rebecca,Moon,52,138 2165 5618,8/13/1962,1.0,MORFA MAWR,LLANBEDR,LL452EQ,0.028823545,0,0.458181241,8,0
303,Male,Scot,Faulkner,56,826 7921 4684,6/14/1991,2.0,AKEMAN COURT,CIRENCESTER,GL7 1LL,0.321671111,0,0.449901768,6,0
304,Male,Sam,Burris,64,941 6108 4772,8/23/1981,1.0,CLOS TYNIAD GLO,BARRY,CF634QQ,0.867123229,0,3760.0,11,0
305,Male,Adolph,Skinner,54,618 5541 4333,3/24/2001,1.0,ANNIVERSARY MEWS,INGATESTONE,CM4 0NQ,0.121825926,0,2239.0,10,0
306,Female,Georgina,Lamb,42,126 4103 9020,12/18/1985,1.0,CRAIGIE AVENUE,BOAT OF GARTEN,PH243BL,0.6907394029999999,0,3407.0,7,0
307,Female,Violet,Lindsay,41,498 2875 5401,10/20/1996,2.0,AVILS HILL,KILBIRNIE,KA256BN,0.015662551,0,2502.0,9,0
308,Male,Luke,Turner,84,144 6507 1741,5/28/1995,3.0,ADDISON ROAD,HOVE,BN3 1TN,0.9999998999999999,1,0.532056619,3,1
309,Non-binary,Reggie,Nolan,66,821 5603 6927,4/17/1959,1.0,BEVERLEY CLOSE,LONDON SW13,SW130EH,3.18e-05,0,0.284886248,9,0
310,Female,Candy,Singleton,47,743 4999 7352,10/20/1996,2.0,AVILS HILL,KILBIRNIE,KA256BN,0.010639573999999999,0,0.003197807,3,0
311,Female,Ola,Thompson,58,485 3378 5078,10/9/1988,1.0,ABERGELDIE ROAD,LONDON SE12,SE128BH,0.183421463,0,0.237663769,8,0
312,Female,Pearlie,Bryant,49,964 8929 9835,1/25/1980,1.0,CHILTON COURT,FOLKESTONE,CT201NR,0.01392649,0,0.009439200000000002,3,0
313,Female,Rosanne,Mendoza,41,410 4079 7671,5/10/1964,1.0,ARDFARNAL,CRAIGHOUSE,PA607XZ,0.0,0,0.181340342,10,0
314,Male,Micah,Merritt,82,161 4447 5206,12/17/1977,1.0,ANDREW TERRACE,ABERTILLERY,NP132JL,0.065510104,0,2763.0,6,0
315,,,,41,057 8155 7515,4/19/1965,,ALBION ROAD,CHRISTCHURCH,BH232JG,0.49952945299999996,0,2487.0,7,0
316,Non-binary,Reba,Browning,47,167 3203 8129,5/10/1964,1.0,ARDFARNAL,CRAIGHOUSE,PA607XZ,0.791613187,0,1.386879353,14,0
317,Female,Daisy,Giles,41,859 6760 2078,9/6/1966,8.0,MERSEY ROAD,LIVERPOOL,L23 3AG,0.042664130999999994,0,0.10467483300000001,12,0
318,,,,65,473 6527 9059,8/23/1981,1.0,CLOS TYNIAD GLO,BARRY,CF634QQ,0.0,0,0.0,2,0
319,Non-binary,Garland,Ayers,52,056 8750 0072,4/6/1982,3.0,ARLECDON PARKS ROAD,FRIZINGTON,CA263XG,0.18744847899999997,0,0.32144479800000003,9,0
320,Non-binary,Ophelia,Pena,43,844 6695 8251,6/16/1975,700.0,ACADEMY PLACE,DOLLAR,FK147DZ,0.070639405,0,2002.0,8,0
321,,,,47,635 0363 4054,9/13/1980,,BLACK WYCHEND,BROMYARD,HR7 4JG,0.141549211,0,0.268407434,4,0
322,Female,Beatrice,Lawson,52,862 2008 1202,3/24/2001,1.0,ANNIVERSARY MEWS,INGATESTONE,CM4 0NQ,0.230941245,0,0.643932218,8,0
323,Male,Lemuel,Guerrero,56,872 8750 8032,5/14/1967,1.0,ABBOTS DRIVE,BALLASALLA,IM9 3EB,0.043720983,0,6295.0,12,0
324,Female,Bette,Kane,41,991 1362 5342,1/10/1954,1.0,ABINGER GARDENS,ISLEWORTH,TW7 6LG,0.648160585,0,0.18270432399999997,10,0
325,Female,Eileen,Hobbs,59,821 1250 6286,1/25/1980,1.0,CHILTON COURT,FOLKESTONE,CT201NR,0.057996686,0,0.195154778,10,0
326,,,,76,959 7995 2515,9/11/1994,1.0,WOODSIDE,ISLE OF GIGHA,PA417AD,0.271209907,0,0.121826565,10,0
327,Female,Adrian,Dunlap,60,290 1011 0648,12/30/1937,1.0,ADMIRAL COURT,LONDON NW4,NW4 4QD,0.055519563,1,1620.0,16,0
328,Female,Dona,Maxwell,58,426 3043 4554,8/13/1962,1.0,MORFA MAWR,LLANBEDR,LL452EQ,0.072818382,1,0.22273143899999998,27,0
329,Male,Ricky,Bowers,82,754 5996 8839,3/24/2001,1.0,ANNIVERSARY MEWS,INGATESTONE,CM4 0NQ,0.41623042200000004,0,0.278052491,7,0
330,Male,Horace,Rasmussen,67,336 1352 8660,1/25/1980,1.0,CHILTON COURT,FOLKESTONE,CT201NR,0.321720302,0,5034.0,12,0
331,,,,50,242 7564 9298,3/24/2001,1.0,ANNIVERSARY MEWS,INGATESTONE,CM4 0NQ,0.010349483,0,773.0,8,0
332,Female,Janelle,Gill,41,657 6709 3822,5/14/1967,1.0,ABBOTS DRIVE,BALLASALLA,IM9 3EB,0.04834223,0,0.398814712,10,0
333,,,,45,157 6950 6211,9/13/1980,,BLACK WYCHEND,BROMYARD,HR7 4JG,0.204178692,0,0.045986861,6,0
334,Non-binary,Josef,Griffin,73,400 1376 9100,9/13/1980,,BLACK WYCHEND,BROMYARD,HR7 4JG,0.032886552,0,0.005255736,5,0
335,Male,Caleb,Poole,58,562 0268 1335,6/16/1975,700.0,ACADEMY PLACE,DOLLAR,FK147DZ,0.0,0,0.653088934,7,0
336,Male,David,Gutierrez,90,766 2514 5640,4/17/1959,1.0,BEVERLEY CLOSE,LONDON SW13,SW130EH,0.9999998999999999,1,0.034607438,1,1
337,,,,60,018 0747 0158,9/13/1980,,BLACK WYCHEND,BROMYARD,HR7 4JG,0.0,1,0.0,5,0
338,Male,Odell,Bryan,89,667 7188 8190,8/23/1981,1.0,CLOS TYNIAD GLO,BARRY,CF634QQ,0.483737501,3,0.2299489,9,0
339,,,,49,239 5431 5357,1/10/1954,1.0,ABINGER GARDENS,ISLEWORTH,TW7 6LG,0.9071151140000001,1,0.203656098,11,0
340,Female,Faye,Barrett,51,873 9734 2984,1/8/1969,1.0,HILL STREET,ISLE OF LEWIS,HS2 0NG,1.012941762,0,1.326431181,4,0
341,Female,Deanne,Mccarty,52,129 6251 4385,5/14/1967,1.0,ABBOTS DRIVE,BALLASALLA,IM9 3EB,0.5065489879999999,0,0.241856314,8,0
342,,,,62,496 0109 8419,1/7/1982,1.0,APPIN PLACE,ABERFELDY,PH152AH,0.25360524100000004,0,0.302944418,14,0
343,Female,Melinda,Lopez,55,154 1858 5668,1/8/1969,1.0,HILL STREET,ISLE OF LEWIS,HS2 0NG,0.0,0,0.7796327209999999,8,0
344,Female,Deanna,Wilkins,42,865 9308 8730,6/14/1991,2.0,AKEMAN COURT,CIRENCESTER,GL7 1LL,0.0,0,317.0,2,0
345,Non-binary,Jami,Velasquez,42,535 0376 6041,7/7/1963,2.0,BRIDGE STREET,CEMAES BAY,LL670NN,0.98763223,0,0.467873895,6,0
346,Male,Gino,Mcconnell,73,419 6881 9944,4/17/1959,1.0,BEVERLEY CLOSE,LONDON SW13,SW130EH,0.282370636,0,0.35148645100000003,12,0
347,Female,Carrie,Keller,40,251 2380 8263,9/5/1988,,ALBERT COURT,BOSTON,PE218NU,0.9993365240000001,0,5021.0,11,1
348,Male,Jeremiah,Dotson,51,423 0448 8330,12/30/1937,1.0,ADMIRAL COURT,LONDON NW4,NW4 4QD,0.0,0,0.36067675,5,0
349,Female,Jayne,Thomas,50,803 2643 3031,3/31/1966,1.0,ABERDEEN TERRACE,LONDON SE3,SE3 0QX,0.9999998999999999,0,0.390900033,6,0
350,,,,58,093 8773 7099,8/24/1983,1.0,ABBEYFIELD HOUSE,COWES,PO318HA,0.9624105009999999,2,0.02344895,3,1
351,Female,Esmeralda,Grant,48,295 1482 4125,7/20/1989,1.0,ALLINGHAM COURT,GODALMING,GU7 3AW,0.821584012,2,0.7942960170000001,19,0
352,Non-binary,Hannah,Cooper,55,004 6303 6299,6/14/1991,2.0,AKEMAN COURT,CIRENCESTER,GL7 1LL,0.086333744,1,0.284178463,13,0
353,Female,Maryellen,Mcfadden,53,798 6523 9543,1/7/1982,1.0,APPIN PLACE,ABERFELDY,PH152AH,0.013953955,0,0.016343391000000002,7,0
354,Male,Edwin,Perez,84,338 7652 0605,1/10/1954,1.0,ABINGER GARDENS,ISLEWORTH,TW7 6LG,0.011676777,0,0.11069847199999999,7,0
355,Male,Norbert,Joyner,50,582 0569 6757,9/13/1980,,BLACK WYCHEND,BROMYARD,HR7 4JG,0.863045478,1,0.775660872,9,0
356,,,,74,095 7228 4370,7/29/1982,3.0,ABERY STREET,LONDON SE18,SE181DB,0.5083008760000001,0,0.432737097,16,0
357,Male,Wilburn,Rowe,58,148 4548 9185,6/14/1991,2.0,AKEMAN COURT,CIRENCESTER,GL7 1LL,0.393088383,1,0.506402735,20,0
358,,,,51,664 9015 5696,3/18/1995,1.0,BALBIRNIE AVENUE,GLENROTHES,KY7 6BS,0.9774114770000001,0,0.045860552,3,0
359,Male,Tyrone,Soto,61,212 6093 6707,7/29/1982,3.0,ABERY STREET,LONDON SE18,SE181DB,0.011121043999999998,0,1.55997819,15,0
360,Female,Lana,Spence,54,902 1443 9745,3/31/1966,1.0,ABERDEEN TERRACE,LONDON SE3,SE3 0QX,0.9999998999999999,0,0.37138702100000004,7,0
361,Female,Anita,Pratt,47,008 6374 9639,4/3/1961,1.0,BIRCH PARK,COLEFORD,GL167RU,0.771030608,0,0.175410995,15,0
362,Male,Eduardo,Burnett,75,005 4737 4082,1/10/1954,1.0,ABINGER GARDENS,ISLEWORTH,TW7 6LG,0.00973921,0,0.128983877,10,0
363,Female,Callie,Cohen,45,770 6195 3834,4/17/1959,1.0,BEVERLEY CLOSE,LONDON SW13,SW130EH,0.028412522000000003,0,0.05666127,8,0
364,,,,40,695 0261 6437,4/19/1965,,ALBION ROAD,CHRISTCHURCH,BH232JG,0.077597783,0,0.711096301,9,0
365,Female,Kitty,Clay,41,984 3795 5176,9/11/1994,1.0,WOODSIDE,ISLE OF GIGHA,PA417AD,0.212032832,0,0.306862203,13,0
366,,,,65,275 9817 9029,8/13/1962,1.0,MORFA MAWR,LLANBEDR,LL452EQ,0.61587691,0,0.45972920700000003,5,0
367,,,,56,096 2771 5981,7/29/1982,3.0,ABERY STREET,LONDON SE18,SE181DB,0.056497432,0,36.0,5,0
368,Female,Nicole,Rodriquez,44,400 9735 3283,7/20/1989,1.0,ALLINGHAM COURT,GODALMING,GU7 3AW,0.01099956,0,0.580641936,9,0
369,Female,Erika,Myers,41,169 1020 7574,5/14/1961,1.0,OSBORNE COURT,PRESTONPANS,EH320JS,0.8961515529999999,1,0.645148026,5,0
370,Female,Myra,Franco,58,265 7836 2864,1/8/1969,1.0,HILL STREET,ISLE OF LEWIS,HS2 0NG,0.0,0,45.0,11,0
371,Female,Beatriz,Pugh,48,576 6589 1561,2/3/1988,1.0,BAY VIEW TERRACE,CAERNARVON,LL545PS,0.555622222,0,0.736144316,7,0
372,Female,Kelsey,Brown,59,974 9113 0368,10/10/1966,6013.0,ALMA ROAD,COLNE,BB87JJ,0.034201937,0,0.03030303,4,0
373,Female,Annmarie,Frye,40,811 0313 0946,1/8/1969,1.0,HILL STREET,ISLE OF LEWIS,HS2 0NG,0.0,0,0.0,2,0
374,Female,Lorrie,Rocha,45,525 2592 1147,8/18/1968,15.0,ARGYLE PLACE,LONDON W6,W6  0RQ,0.08777290199999999,0,0.295690343,5,0
375,Female,Trudy,Frazier,41,780 3431 9499,9/2/1965,1.0,ABBERLEY DRIVE,DROITWICH,WR9 8NY,0.043190140999999994,0,1783.0,10,0
376,Female,Margo,Daniels,55,007 0577 8532,6/14/1991,2.0,AKEMAN COURT,CIRENCESTER,GL7 1LL,0.0031578,0,1128.0,6,0
377,Female,Adeline,Evans,43,979 1660 5280,3/24/2001,1.0,ANNIVERSARY MEWS,INGATESTONE,CM4 0NQ,0.003732836,0,0.0,3,0
378,,,,43,510 4679 4763,7/7/1963,2.0,BRIDGE STREET,CEMAES BAY,LL670NN,0.083679434,0,0.545526902,7,0
379,Female,Carmela,Jefferson,41,715 7438 7343,4/17/1959,1.0,BEVERLEY CLOSE,LONDON SW13,SW130EH,0.0051377540000000005,1,4.0,3,0
380,Female,Tina,Cabrera,50,579 2812 3442,1/25/1980,1.0,CHILTON COURT,FOLKESTONE,CT201NR,0.33336487800000003,0,0.416561048,9,0
381,Non-binary,Mallory,Pearson,50,116 3200 3903,4/19/1965,,ALBION ROAD,CHRISTCHURCH,BH232JG,0.099057181,0,72.0,3,0
382,Female,Lucy,Hinton,47,033 2538 4284,1/8/1969,1.0,HILL STREET,ISLE OF LEWIS,HS2 0NG,0.093632815,0,0.306846806,6,0
383,Female,Hallie,Cervantes,53,444 8426 3156,5/28/1995,3.0,ADDISON ROAD,HOVE,BN3 1TN,0.126859318,1,1.166212534,17,0
384,Non-binary,Stanley,Lowe,75,308 7194 3469,6/14/1991,2.0,AKEMAN COURT,CIRENCESTER,GL7 1LL,0.959560049,0,0.301469853,8,0
385,Male,Garland,Watkins,53,354 0406 0778,3/24/2001,1.0,ANNIVERSARY MEWS,INGATESTONE,CM4 0NQ,0.017811399,0,89.0,17,0
386,Male,Danny,Robbins,87,081 4380 2358,7/14/1969,,ACHANDUNIE,ALNESS,IV170YB,0.40386190299999997,3,0.42336809,11,1
387,Female,Claudine,Landry,54,720 2820 4748,5/14/1967,1.0,ABBOTS DRIVE,BALLASALLA,IM9 3EB,0.11834439599999999,3,0.40785955100000004,15,0
388,Non-binary,Flora,Decker,44,559 0281 3159,7/14/1969,,ACHANDUNIE,ALNESS,IV170YB,0.026788751,0,0.154439493,9,0
389,Female,Cecile,Ross,40,459 6038 2173,9/6/1966,8.0,MERSEY ROAD,LIVERPOOL,L23 3AG,0.154847105,0,0.049804263,5,0
390,Female,Liz,Frank,50,049 5450 1084,9/5/1988,,ALBERT COURT,BOSTON,PE218NU,0.048212574,1,0.293731041,7,0
391,Male,Mathew,Duran,89,620 1992 7696,12/17/1977,1.0,ANDREW TERRACE,ABERTILLERY,NP132JL,0.730271957,1,0.632794037,10,0
392,,,,57,169 7483 7170,10/10/1966,6013.0,ALMA ROAD,COLNE,BB87JJ,0.847131599,3,0.16652971800000002,9,0
393,Non-binary,Shelia,Conrad,55,161 2541 4961,12/18/1985,1.0,CRAIGIE AVENUE,BOAT OF GARTEN,PH243BL,0.33732146700000004,0,0.298540292,7,0
394,Male,Sydney,Frederick,71,713 3200 7966,3/31/1966,1.0,ABERDEEN TERRACE,LONDON SE3,SE3 0QX,0.102847757,1,0.585386758,13,0
395,,,,43,340 2380 9906,9/5/1988,,ALBERT COURT,BOSTON,PE218NU,0.006963402,0,0.26553468199999997,14,0
396,Female,Tonya,Burke,52,338 9311 1183,5/28/1995,3.0,ADDISON ROAD,HOVE,BN3 1TN,0.510658322,0,0.28038746,6,0
397,Non-binary,Phyllis,Dudley,56,827 3711 1935,4/3/1961,1.0,BIRCH PARK,COLEFORD,GL167RU,0.024249134,0,20.0,2,0
398,Male,Isiah,Guthrie,61,952 6434 8916,4/6/1982,3.0,ARLECDON PARKS ROAD,FRIZINGTON,CA263XG,0.240006909,1,0.5517413760000001,21,1
399,Non-binary,Rosario,Tyson,59,432 1525 5718,10/10/1966,6013.0,ALMA ROAD,COLNE,BB87JJ,0.709779693,0,0.360867559,9,0
400,,,,78,706 9461 1933,3/18/1995,1.0,BALBIRNIE AVENUE,GLENROTHES,KY7 6BS,0.0,0,12.0,6,0
401,Male,Miles,Mcdaniel,81,974 7056 9810,4/19/1965,,ALBION ROAD,CHRISTCHURCH,BH232JG,0.012141541,0,0.12,5,0
402,,,,42,915 0190 8025,10/10/1966,6013.0,ALMA ROAD,COLNE,BB87JJ,0.154263675,0,0.14924597,7,0
403,Female,Sherri,Snyder,47,159 8819 9020,5/10/1964,1.0,ARDFARNAL,CRAIGHOUSE,PA607XZ,9.48e-05,0,0.179400058,10,0
404,Female,Evangeline,Mejia,42,030 5625 3065,12/30/1937,1.0,ADMIRAL COURT,LONDON NW4,NW4 4QD,0.0,0,0.399925825,9,0
405,Male,Wilburn,Atkins,63,353 4044 0779,10/20/1996,2.0,AVILS HILL,KILBIRNIE,KA256BN,0.0,0,0.418362974,7,0
406,Male,Marc,Hurley,70,469 7646 7423,11/21/1998,1.0,DRAKE ROAD,LEE ON THE SOLENT,PO139NS,0.155705109,0,1043.0,10,0
407,Female,Beryl,Nelson,42,743 8741 3326,5/10/1964,1.0,ARDFARNAL,CRAIGHOUSE,PA607XZ,0.0,0,0.27136396100000004,5,0
408,,,,46,366 4929 6979,4/19/1965,,ALBION ROAD,CHRISTCHURCH,BH232JG,0.034718611,0,2038.0,4,0
409,,,,52,950 6776 3218,2/3/1988,1.0,BAY VIEW TERRACE,CAERNARVON,LL545PS,0.058916261,0,0.217943107,7,0
410,Male,Martin,Buchanan,61,668 7026 6126,8/18/1968,15.0,ARGYLE PLACE,LONDON W6,W6  0RQ,0.838516148,0,0.102488354,6,0
411,Female,Tami,Hayes,58,666 2489 9198,7/20/1989,1.0,ALLINGHAM COURT,GODALMING,GU7 3AW,0.029276965,0,1401.0,3,0
412,Female,Jimmie,Burnett,52,563 1173 1457,7/20/1989,1.0,ALLINGHAM COURT,GODALMING,GU7 3AW,0.014062133999999999,0,0.542711741,8,0
413,Male,Corey,Harrell,81,643 7247 2333,1/25/1980,1.0,CHILTON COURT,FOLKESTONE,CT201NR,0.020682226,0,0.107687264,9,0
414,Male,Rosendo,Rasmussen,64,287 3830 1778,5/14/1961,1.0,OSBORNE COURT,PRESTONPANS,EH320JS,0.39628018600000003,0,0.5929016020000001,12,0
415,,,,42,849 4508 4610,10/10/1966,6013.0,ALMA ROAD,COLNE,BB87JJ,0.012332876999999999,0,0.0029521,3,0
416,Female,Christa,Wilkins,42,676 0415 2654,10/10/1966,6013.0,ALMA ROAD,COLNE,BB87JJ,0.9999998999999999,0,0.22953195199999998,8,0
417,Non-binary,Bianca,Langley,50,965 6463 9384,9/13/1980,,BLACK WYCHEND,BROMYARD,HR7 4JG,0.770912121,0,3687.0,8,0
418,Male,William,Morrison,90,002 4653 2398,12/30/1937,1.0,ADMIRAL COURT,LONDON NW4,NW4 4QD,0.0070758159999999995,0,241.0,10,0
419,Male,Weldon,Hyde,53,306 0779 4130,9/2/1965,1.0,ABBERLEY DRIVE,DROITWICH,WR9 8NY,0.005151024000000001,0,0.709129087,13,0
420,Female,Tara,Goodwin,60,654 2543 9315,1/7/1982,1.0,APPIN PLACE,ABERFELDY,PH152AH,0.658588662,4,0.419647115,11,0
421,Female,Janelle,William,59,273 5749 0302,12/17/1977,1.0,ANDREW TERRACE,ABERTILLERY,NP132JL,0.157241055,0,0.417263789,20,1
422,Female,Aurora,Gray,43,495 7120 0017,12/18/1985,1.0,CRAIGIE AVENUE,BOAT OF GARTEN,PH243BL,0.346513918,2,0.598824394,6,0
423,,,,71,949 9713 8022,8/24/1983,1.0,ABBEYFIELD HOUSE,COWES,PO318HA,0.9999998999999999,0,0.0,1,0
424,Male,Brenton,Matthews,53,495 4391 6083,5/10/1964,1.0,ARDFARNAL,CRAIGHOUSE,PA607XZ,0.033047974,0,0.07120743,4,0
425,Non-binary,Terrell,Sears,61,481 5973 2862,3/18/1995,1.0,BALBIRNIE AVENUE,GLENROTHES,KY7 6BS,0.007908851,0,230.0,6,0
426,Male,Bart,Whitaker,79,022 9163 8977,11/21/1998,1.0,DRAKE ROAD,LEE ON THE SOLENT,PO139NS,0.04342161,0,0.590388647,11,0
427,Female,Tania,May,51,029 2022 6568,6/16/1975,700.0,ACADEMY PLACE,DOLLAR,FK147DZ,0.134374585,0,111.0,2,0
428,Female,Doris,Giles,48,305 5668 1549,4/6/1982,3.0,ARLECDON PARKS ROAD,FRIZINGTON,CA263XG,0.086591341,0,0.156762984,5,0
429,Female,Lilian,Stein,45,685 5043 6598,6/16/1975,700.0,ACADEMY PLACE,DOLLAR,FK147DZ,0.05604885,1,0.500394633,7,0
430,Non-binary,Nickolas,Williams,51,447 5666 8447,5/28/1995,3.0,ADDISON ROAD,HOVE,BN3 1TN,0.001597539,0,646.0,2,0
431,Male,Monroe,Beach,68,046 3973 2501,10/20/1996,2.0,AVILS HILL,KILBIRNIE,KA256BN,0.060157210999999995,0,0.151151565,5,0
432,,,,54,950 9262 0835,8/14/1994,33.0,ARGYLE STREET,LOSSIEMOUTH,IV316AP,0.550030208,0,2896.0,8,0
433,,,,86,099 1496 0098,9/13/1980,,BLACK WYCHEND,BROMYARD,HR7 4JG,0.8259642640000001,0,0.6760313840000001,12,0
434,,,,56,081 2448 3245,9/5/1988,,ALBERT COURT,BOSTON,PE218NU,0.050912144000000006,1,3059.0,8,0
435,,,,47,898 9295 8037,7/14/1969,,ACHANDUNIE,ALNESS,IV170YB,0.001159692,0,0.372193114,18,0
436,,,,43,324 4631 9650,8/14/1994,33.0,ARGYLE STREET,LOSSIEMOUTH,IV316AP,0.0036840959999999996,0,6.0,2,0
437,Female,Janie,Cooke,44,199 8568 4234,3/31/1966,1.0,ABERDEEN TERRACE,LONDON SE3,SE3 0QX,0.58840916,0,0.361833597,8,0
438,Female,Benita,Duncan,48,189 7330 7291,9/5/1988,,ALBERT COURT,BOSTON,PE218NU,0.18030518,0,0.519402985,7,0
439,,,,47,972 1782 6920,4/17/1959,1.0,BEVERLEY CLOSE,LONDON SW13,SW130EH,0.3399477,0,0.042280589,4,0
440,Female,Karla,Barrera,40,236 7846 4058,4/17/1959,1.0,BEVERLEY CLOSE,LONDON SW13,SW130EH,0.0,0,2865.0,8,0
441,,,,41,354 8045 6807,4/17/1959,1.0,BEVERLEY CLOSE,LONDON SW13,SW130EH,0.06828435599999999,0,0.203430635,17,0
442,Female,Priscilla,Mays,57,917 8887 4577,5/25/1962,,BETCHWORTH LODGE,BETCHWORTH,RH3 7BW,0.208747254,0,0.262908647,9,0
443,Female,Ophelia,Wagner,49,093 9025 6319,1/25/1980,1.0,CHILTON COURT,FOLKESTONE,CT201NR,0.034467699,0,0.185031185,15,0
444,Female,Lakeisha,Bowman,42,976 8603 0587,1/10/1954,1.0,ABINGER GARDENS,ISLEWORTH,TW7 6LG,0.06003007900000001,0,0.026989204,5,0
445,,,,80,470 9198 6740,8/18/1968,15.0,ARGYLE PLACE,LONDON W6,W6  0RQ,0.0491004,0,0.038443056,7,0
446,Female,Jerry,Jacobs,42,270 2588 1800,9/5/1988,,ALBERT COURT,BOSTON,PE218NU,0.21439882,1,0.04835924,10,0
447,,,,76,006 2812 5786,9/13/1980,,BLACK WYCHEND,BROMYARD,HR7 4JG,0.9011373579999999,0,0.175017643,12,0
448,Female,Kathrine,Whitaker,46,884 8954 7947,8/18/1968,15.0,ARGYLE PLACE,LONDON W6,W6  0RQ,0.547727193,1,0.19520120000000002,5,0
449,Female,Ella,Craft,49,531 5882 8985,12/30/1937,1.0,ADMIRAL COURT,LONDON NW4,NW4 4QD,0.535689375,0,0.075219197,7,1
450,,,,77,681 4467 2938,12/18/1985,1.0,CRAIGIE AVENUE,BOAT OF GARTEN,PH243BL,0.082361392,0,1581.0,8,0
451,Female,Dena,Blake,40,774 5135 2590,8/13/1962,1.0,MORFA MAWR,LLANBEDR,LL452EQ,0.562667744,2,0.319484559,11,0
452,Non-binary,Serena,Marshall,59,998 7291 4618,12/17/1977,1.0,ANDREW TERRACE,ABERTILLERY,NP132JL,0.593985244,0,0.332698534,4,0
453,Female,Kris,Richards,50,528 0566 3862,8/23/1981,1.0,CLOS TYNIAD GLO,BARRY,CF634QQ,0.018544166,0,0.21506885399999998,11,0
454,,,,79,015 4051 6097,4/6/1982,3.0,ARLECDON PARKS ROAD,FRIZINGTON,CA263XG,0.445000984,0,0.669665167,6,0
455,Female,Colleen,Rodriguez,42,197 6610 4445,1/7/1982,1.0,APPIN PLACE,ABERFELDY,PH152AH,0.032769199,0,724.0,11,0
456,Male,Nathaniel,Bates,76,821 8546 9557,4/6/1982,3.0,ARLECDON PARKS ROAD,FRIZINGTON,CA263XG,0.26042375,0,0.5254598770000001,12,0
457,Female,Debra,Pena,44,291 1548 2487,1/10/1954,1.0,ABINGER GARDENS,ISLEWORTH,TW7 6LG,0.026982938999999997,0,0.154658982,10,0
458,Female,Darla,Durham,60,326 0398 9713,4/6/1982,3.0,ARLECDON PARKS ROAD,FRIZINGTON,CA263XG,0.89991246,0,0.669246102,19,0
459,Female,Paula,Pacheco,42,018 4324 2167,5/14/1967,1.0,ABBOTS DRIVE,BALLASALLA,IM9 3EB,0.53512865,1,0.017820018,2,0
460,,,,54,127 4614 9273,9/2/1965,1.0,ABBERLEY DRIVE,DROITWICH,WR9 8NY,0.164918848,0,0.47603269299999995,7,0
461,Male,Roderick,Vinson,61,858 8748 6448,9/2/1965,1.0,ABBERLEY DRIVE,DROITWICH,WR9 8NY,0.5889097120000001,0,0.279023261,6,0
462,,,,70,966 9513 5560,3/31/1966,1.0,ABERDEEN TERRACE,LONDON SE3,SE3 0QX,0.532857467,0,0.544568823,6,0
463,Female,Yvette,Bentley,56,157 0146 6370,5/28/1995,3.0,ADDISON ROAD,HOVE,BN3 1TN,0.997363876,0,0.777160631,8,0
464,Female,Patrice,Koch,59,107 6946 9999,10/9/1988,1.0,ABERGELDIE ROAD,LONDON SE12,SE128BH,0.037499063,0,0.021073681,4,0
465,,,,49,707 6148 7305,12/30/1937,1.0,ADMIRAL COURT,LONDON NW4,NW4 4QD,0.10190287599999999,0,0.317249387,16,0
466,Non-binary,Jeanine,Ratliff,43,744 6657 6058,9/5/1988,,ALBERT COURT,BOSTON,PE218NU,0.40160519299999997,1,0.333614153,9,0
467,Female,Jasmine,Freeman,55,520 2413 2368,6/14/1991,2.0,AKEMAN COURT,CIRENCESTER,GL7 1LL,0.0,0,0.0,2,0
468,Female,Noelle,Paul,41,845 0609 5505,10/20/1996,2.0,AVILS HILL,KILBIRNIE,KA256BN,0.484933558,2,0.267521134,10,0
469,Female,Lesley,Rollins,51,241 6809 8960,8/14/1994,33.0,ARGYLE STREET,LOSSIEMOUTH,IV316AP,0.155065607,0,0.311211099,5,0
470,Male,Dudley,Melton,62,091 5645 4390,9/2/1965,1.0,ABBERLEY DRIVE,DROITWICH,WR9 8NY,0.709677419,0,0.127052106,2,0
471,Female,Isabel,Espinoza,47,905 6573 3690,1/8/1969,1.0,HILL STREET,ISLE OF LEWIS,HS2 0NG,0.658273176,2,0.818980025,10,0
472,Male,Jamar,Castaneda,76,784 0865 5018,3/31/1966,1.0,ABERDEEN TERRACE,LONDON SE3,SE3 0QX,0.557123952,0,448.0,4,0
473,Non-binary,Vicky,Burgess,55,560 0217 4340,8/13/1962,1.0,MORFA MAWR,LLANBEDR,LL452EQ,0.034508415,0,0.035240202000000005,9,0
474,Female,Eula,Aguirre,41,021 2345 1234,8/23/1981,1.0,CLOS TYNIAD GLO,BARRY,CF634QQ,958.0,0,1.051909892,3,0
475,Male,Marcus,Bolton,68,022 0362 7632,5/25/1962,,BETCHWORTH LODGE,BETCHWORTH,RH3 7BW,0.021234045,0,14.0,5,0
476,Female,Tara,Forbes,55,303 3325 4984,9/2/1965,1.0,ABBERLEY DRIVE,DROITWICH,WR9 8NY,0.059133675999999996,0,0.004373668,2,0
477,Female,Clarissa,Lawson,49,000 7302 9983,11/21/1998,1.0,DRAKE ROAD,LEE ON THE SOLENT,PO139NS,0.9999998999999999,0,0.074030552,1,0
478,,,,60,946 4347 8274,10/20/1996,2.0,AVILS HILL,KILBIRNIE,KA256BN,0.592200967,0,0.488303989,20,0
479,Female,Nikki,Bean,54,552 0701 7935,11/21/1998,1.0,DRAKE ROAD,LEE ON THE SOLENT,PO139NS,0.9999998999999999,0,106.0,0,0
480,Female,Beatriz,Knowles,49,885 0103 9586,9/2/1965,1.0,ABBERLEY DRIVE,DROITWICH,WR9 8NY,0.186066068,0,0.101709257,8,0
481,,,,60,949 6175 1146,10/20/1996,2.0,AVILS HILL,KILBIRNIE,KA256BN,0.006873294,0,0.44083574700000006,6,0
482,,,,50,947 0863 6462,5/14/1961,1.0,OSBORNE COURT,PRESTONPANS,EH320JS,0.000168065,0,0.000571265,15,0
483,Female,Ofelia,Pickett,54,817 7348 6491,8/18/1968,15.0,ARGYLE PLACE,LONDON W6,W6  0RQ,0.543082681,0,0.524307947,13,0
484,Male,Lee,Peck,57,555 8170 2424,2/3/1988,1.0,BAY VIEW TERRACE,CAERNARVON,LL545PS,0.020030529,0,0.003469545,7,0
485,Female,Louisa,Wallace,52,629 1067 3168,12/30/1937,1.0,ADMIRAL COURT,LONDON NW4,NW4 4QD,0.03474171,0,0.12224618,5,0
486,Female,Michael,West,56,664 7443 3783,9/2/1965,1.0,ABBERLEY DRIVE,DROITWICH,WR9 8NY,0.9756502140000001,1,1.147386461,7,0
487,Female,Betsy,Dillon,60,041 3836 2228,12/30/1937,1.0,ADMIRAL COURT,LONDON NW4,NW4 4QD,0.0,0,0.158371041,3,0
488,Female,Helene,Gallegos,60,889 5208 5900,3/24/2001,1.0,ANNIVERSARY MEWS,INGATESTONE,CM4 0NQ,0.029542013,0,0.006642383000000001,3,0
489,,,,47,319 0796 7712,3/24/2001,1.0,ANNIVERSARY MEWS,INGATESTONE,CM4 0NQ,0.0,0,0.0,3,0
490,Male,Agustin,Gentry,82,604 4153 7932,5/10/1964,1.0,ARDFARNAL,CRAIGHOUSE,PA607XZ,0.035452698,0,0.11689526199999999,10,0
491,Female,Janice,Berg,57,447 0632 9157,4/17/1959,1.0,BEVERLEY CLOSE,LONDON SW13,SW130EH,0.0,0,0.055993000999999994,4,0
492,Female,Bernadine,Joseph,53,773 3491 1249,3/24/2001,1.0,ANNIVERSARY MEWS,INGATESTONE,CM4 0NQ,0.025594979,0,0.34233071200000004,12,0
493,Non-binary,Essie,Bridges,46,038 1614 5862,1/25/1980,1.0,CHILTON COURT,FOLKESTONE,CT201NR,0.9999998999999999,0,0.0,0,1
494,Female,Leanne,Mcmahon,49,274 9588 2435,9/11/1994,1.0,WOODSIDE,ISLE OF GIGHA,PA417AD,0.490772195,0,0.302332626,10,0
495,Male,Andrew,Price,79,735 3884 6669,10/20/1996,2.0,AVILS HILL,KILBIRNIE,KA256BN,0.100922361,0,2226.0,13,0
496,Female,Annmarie,Roth,45,967 9650 1406,8/13/1962,1.0,MORFA MAWR,LLANBEDR,LL452EQ,0.447131829,0,0.558402861,9,0
497,Male,Corey,Edwards,55,163 1892 5676,8/23/1981,1.0,CLOS TYNIAD GLO,BARRY,CF634QQ,0.054597230999999996,0,0.541537401,15,0
498,Female,Kerri,Santos,45,152 3870 6652,10/9/1988,1.0,ABERGELDIE ROAD,LONDON SE12,SE128BH,0.10511453300000001,0,0.45838318200000006,18,0
499,,,,75,574 5099 5086,3/24/2001,1.0,ANNIVERSARY MEWS,INGATESTONE,CM4 0NQ,0.517587207,0,0.15712789300000002,11,0
